{
  "final_candidates": [
    {
      "design_vector": [
        0.10709063282230284,
        0.13858277037675873,
        0.14979864240630603,
        0.11995936456417765,
        0.016689766352348496,
        11.42288030978223,
        24.9052748914351,
        14.730406901335702,
        0.20884709240152496,
        0.1182446693544811,
        0.05983737434683259,
        3012.844038238898
      ],
      "tip_mach": 0.7966483319927133,
      "solidity": 0.12137252397527105,
      "rpm": 3012.844038238898,
      "T_per_rotor": 9.520869320476265,
      "P_total": 680.3819404256849,
      "FM": 0.4641773413171445,
      "CT": 0.015049928561116055,
      "CP": 0.002812566004470745,
      "T_margin_pct": 220.78400675459116,
      "ctrl_thrust": 1.586811553412711,
      "bemt_converged": true,
      "T_per_rotor_rhomin": 7.6044541609189755,
      "P_total_rhomin": 559.4081791840254,
      "FM_rhomin": 0.45055734280323184,
      "T_margin_pct_rhomin": 156.2147628341973,
      "f1_bending_hz": 189.74256999545463,
      "f_rev_hz": 50.214067303981636,
      "blade_mass_kg": 0.6230044888391497,
      "total_rotor_mass_kg": 2.492017955356599,
      "f1_feasible": true,
      "resonance_feasible": true,
      "structural_feasible": true,
      "rpm_feasible": true,
      "mach_feasible": true,
      "hover_feasible": true,
      "hover_robust_feasible": true,
      "feasible": true,
      "robust_feasible": true,
      "pareto_id": 17,
      "surrogate_F": [
        684.2010437763656,
        -0.41955639220712015,
        -155.09800044112308
      ],
      "mujoco_kpis": {
        "alt_error_rms": 0.6960507345029635,
        "alt_error_max": 0.7612458841683323,
        "alt_error_ss_rms": 0.7210724433748052,
        "alt_error_ss_max": 0.7210724433868423,
        "roll_rms": 1.4891696876673105e-18,
        "pitch_rms": 4.342741875405217e-20,
        "ctrl_saturation_rate": 0.0408,
        "stable": true,
        "settling_time": 9.992
      },
      "mujoco_validated": true
    },
    {
      "design_vector": [
        0.11625465522244745,
        0.13858277037675873,
        0.14979864240630603,
        0.11955729393513584,
        0.016689766352348496,
        11.42288030978223,
        24.902421285658875,
        3.7514544434979653,
        0.20892279954648624,
        0.11860799674763459,
        0.05983737434683259,
        3012.844038238898
      ],
      "tip_mach": 0.7966483319927133,
      "solidity": 0.12202089044286712,
      "rpm": 3012.844038238898,
      "T_per_rotor": 9.520289370009603,
      "P_total": 680.8579380226296,
      "FM": 0.4638104464720934,
      "CT": 0.015049011815722494,
      "CP": 0.0028145336855331473,
      "T_margin_pct": 220.7644666445284,
      "ctrl_thrust": 1.5867148950016006,
      "bemt_converged": true,
      "T_per_rotor_rhomin": 7.604916580663053,
      "P_total_rhomin": 559.8028376225724,
      "FM_rhomin": 0.4502807705455425,
      "T_margin_pct_rhomin": 156.2303430142538,
      "f1_bending_hz": 194.42589522109458,
      "f_rev_hz": 50.214067303981636,
      "blade_mass_kg": 0.6397058815157736,
      "total_rotor_mass_kg": 2.5588235260630943,
      "f1_feasible": true,
      "resonance_feasible": true,
      "structural_feasible": true,
      "rpm_feasible": true,
      "mach_feasible": true,
      "hover_feasible": true,
      "hover_robust_feasible": true,
      "feasible": true,
      "robust_feasible": true,
      "pareto_id": 42,
      "surrogate_F": [
        643.4860376711159,
        -0.4534617850582067,
        -143.61941791946768
      ],
      "mujoco_kpis": {
        "alt_error_rms": 0.6960059732559779,
        "alt_error_max": 0.7612018367785278,
        "alt_error_ss_rms": 0.7210241141692507,
        "alt_error_ss_max": 0.7210241141812914,
        "roll_rms": 1.1473875792971952e-18,
        "pitch_rms": 3.959758930781579e-20,
        "ctrl_saturation_rate": 0.0408,
        "stable": true,
        "settling_time": 9.992
      },
      "mujoco_validated": true
    },
    {
      "design_vector": [
        0.04855604992680946,
        0.13666205073756246,
        0.14934976556702298,
        0.11987378098450502,
        0.01653867891976062,
        6.9091894037858905,
        24.97455090801344,
        14.755846415280754,
        0.1898132062315916,
        0.11704505777869205,
        0.059804571108852456,
        3022.888433616819
      ],
      "tip_mach": 0.799304244719073,
      "solidity": 0.11572790149221354,
      "rpm": 3022.888433616819,
      "T_per_rotor": 9.480041459461464,
      "P_total": 681.5369187634669,
      "FM": 0.46041321058494084,
      "CT": 0.01488596983313894,
      "CP": 0.0027893494599767425,
      "T_margin_pct": 219.40840496837816,
      "ctrl_thrust": 1.580006909910244,
      "bemt_converged": true,
      "T_per_rotor_rhomin": 7.570331910005202,
      "P_total_rhomin": 560.3709857389413,
      "FM_rhomin": 0.4467592517438099,
      "T_margin_pct_rhomin": 155.0650913074529,
      "f1_bending_hz": 166.05559288579911,
      "f_rev_hz": 50.381473893613645,
      "blade_mass_kg": 0.5126698979631636,
      "total_rotor_mass_kg": 2.0506795918526546,
      "f1_feasible": true,
      "resonance_feasible": true,
      "structural_feasible": true,
      "rpm_feasible": true,
      "mach_feasible": true,
      "hover_feasible": true,
      "hover_robust_feasible": true,
      "feasible": true,
      "robust_feasible": true,
      "pareto_id": 0,
      "surrogate_F": [
        695.4338305859151,
        -0.419847596602943,
        -158.04829475533353
      ],
      "mujoco_kpis": {
        "alt_error_rms": 0.6928999799768836,
        "alt_error_max": 0.7581449955711819,
        "alt_error_ss_rms": 0.7176701216236123,
        "alt_error_ss_max": 0.7176701216359307,
        "roll_rms": 1.1780066078546342e-18,
        "pitch_rms": 4.447791468642945e-20,
        "ctrl_saturation_rate": 0.0408,
        "stable": true,
        "settling_time": 9.992
      },
      "mujoco_validated": true
    },
    {
      "design_vector": [
        0.04855604992680946,
        0.13666205073756246,
        0.14949124306217598,
        0.11987378098450502,
        0.01653867891976062,
        6.9091894037858905,
        24.97455090801344,
        14.755846415280754,
        0.19887406836130284,
        0.11704505777869205,
        0.059804571108852456,
        3021.3270117877123
      ],
      "tip_mach": 0.7988913776473272,
      "solidity": 0.11576037277055073,
      "rpm": 3021.3270117877123,
      "T_per_rotor": 9.472230102451618,
      "P_total": 680.7127912792308,
      "FM": 0.46040099715407834,
      "CT": 0.014889081536927607,
      "CP": 0.002790298135957293,
      "T_margin_pct": 219.14521908529713,
      "ctrl_thrust": 1.5787050170752697,
      "bemt_converged": true,
      "T_per_rotor_rhomin": 7.564093020337293,
      "P_total_rhomin": 559.689960780961,
      "FM_rhomin": 0.4467500284106421,
      "T_margin_pct_rhomin": 154.8548861299627,
      "f1_bending_hz": 171.7349516866172,
      "f_rev_hz": 50.355450196461874,
      "blade_mass_kg": 0.5283241463593702,
      "total_rotor_mass_kg": 2.113296585437481,
      "f1_feasible": true,
      "resonance_feasible": true,
      "structural_feasible": true,
      "rpm_feasible": true,
      "mach_feasible": true,
      "hover_feasible": true,
      "hover_robust_feasible": true,
      "feasible": true,
      "robust_feasible": true,
      "pareto_id": 1,
      "surrogate_F": [
        695.510242825221,
        -0.41989882589067784,
        -157.95895526270348
      ],
      "mujoco_kpis": {
        "alt_error_rms": 0.6922972308237733,
        "alt_error_max": 0.7575517201740103,
        "alt_error_ss_rms": 0.7170191752061331,
        "alt_error_ss_max": 0.717019175218506,
        "roll_rms": 8.793448992816389e-19,
        "pitch_rms": 1.8001858562667958e-20,
        "ctrl_saturation_rate": 0.0408,
        "stable": true,
        "settling_time": 9.992
      },