{
  "bemt": {
    "T_per_rotor": 4.085618066842644,
    "T_total": 8.171236133685287,
    "Q_per_rotor": 0.44788658415963517,
    "P_total": 237.98365750556815,
    "CT": 0.009108103697985738,
    "CP": 0.0016476525353022252,
    "FM": 0.37304508380466916,
    "ctrl_thrust": 0.6809363444737739,
    "ctrl_yaw": 0.029859105610642346,
    "converged": true,
    "T_margin_pct": 37.655595244024376
  },
  "mujoco_kpis": {
    "alt_error_rms": 0.2984199497598888,
    "alt_error_max": 0.5,
    "alt_error_ss_rms": 0.26849705349812547,
    "alt_error_ss_max": 0.2703317889326964,
    "roll_rms": 7.929975313154706e-19,
    "pitch_rms": 4.904325901649942e-19,
    "ctrl_saturation_rate": 0.0264,
    "stable": true,
    "settling_time": 9.992
  },
  "params": {
    "rho": 0.015,
    "z_ref": 1.0,
    "duration": 10.0,
    "design_vector": [
      0.07925,
      0.113,
      0.0884,
      0.06875,
      0.0447,
      25.0,
      15.0,
      8.0,
      0.25,
      0.10514541387024609,
      0.03,
      2537.0
    ]
  }
}