{
  "T": 8.171236133685287,
  "T_per_rotor": 4.085618066842644,
  "Q": 0.44788658415963517,
  "P": 237.98365750556815,
  "CT": 0.009108103697985738,
  "CP": 0.0016476525353022252,
  "FM": 0.37304508380466916,
  "ctrl_thrust": 0.6809363444737739,
  "ctrl_yaw": 0.029859105610642346,
  "converged": true,
  "radial": {
    "r": [
      0.0606,
      0.07898896551724138,
      0.09737793103448275,
      0.11576689655172413,
      0.13415586206896551,
      0.1525448275862069,
      0.17093379310344825,
      0.18932275862068965,
      0.20771172413793104,
      0.22610068965517238,
      0.24448965517241378,
      0.2628786206896552,
      0.2812675862068965,
      0.2996565517241379,
      0.3180455172413793,
      0.33643448275862065,
      0.35482344827586204,
      0.37321241379310344,
      0.3916013793103448,
      0.4099903448275862,
      0.42837931034482757,
      0.4467682758620689,
      0.4651572413793103,
      0.4835462068965517,
      0.501935172413793,
      0.5203241379310345,
      0.5387131034482758,
      0.5571020689655173,
      0.5754910344827586,
      0.59388
    ],
    "r_over_R": [
      0.1,
      0.1303448275862069,
      0.1606896551724138,
      0.1910344827586207,
      0.22137931034482758,
      0.2517241379310345,
      0.28206896551724137,
      0.31241379310344825,
      0.3427586206896552,
      0.373103448275862,
      0.40344827586206894,
      0.4337931034482759,
      0.4641379310344827,
      0.49448275862068963,
      0.5248275862068965,
      0.5551724137931033,
      0.5855172413793103,
      0.6158620689655172,
      0.646206896551724,
      0.676551724137931,
      0.7068965517241379,
      0.7372413793103447,
      0.7675862068965517,
      0.7979310344827586,
      0.8282758620689654,
      0.8586206896551725,
      0.8889655172413793,
      0.9193103448275863,
      0.9496551724137932,
      0.98
    ],
    "dT": [
      0.002559096837178091,
      0.004936140499901873,
      0.008442256842510777,
      0.013232187781003879,
      0.019355531442307623,
      0.02631271212238207,
      0.03385189453033379,
      0.041666786384268836,
      0.04931585437370222,
      0.05649943651733432,
      0.06300313706613458,
      0.06872413906186949,
      0.07370708531184668,
      0.0781793482116,
      0.08251993755174794,
      0.08689100344562291,
      0.09129530216318514,
      0.09566553792557607,
      0.0998780080440384,
      0.10374145371257154,
      0.10699235881087366,
      0.10936201432621279,
      0.1106761812247233,
      0.11070586512707835,
      0.10910355755480464,
      0.10531584700948993,
      0.09843610425962306,
      0.08697481990499235,
      0.06829414479557384,
      0.03717129058283336
    ],
    "dQ": [
      7.607727321949797e-05,
      0.00018183870078245025,
      0.00037109711085785586,
      0.0006747805392305823,
      0.0011195230737503481,
      0.0016857434468173173,
      0.0023602564043944175,
      0.003117503117108733,
      0.003911376825114417,
      0.004703972100401382,
      0.005463880337077829,
      0.006171616815303001,
      0.0068257987057746515,
      0.007448966841095531,
      0.008085869504684108,
      0.008757501602590253,
      0.009443415716359206,
      0.010135743182882465,
      0.010832651776132872,
      0.011515240038766536,
      0.012156611532787215,
      0.012728342892323862,
      0.013209829521440333,
      0.013573085813098105,
      0.013774012943390736,
      0.013739687599547714,
      0.013345176043660428,
      0.012227926324858262,
      0.010123014725230667,
      0.0061827515711368386
    ],
    "alpha": [
      0.19330921882801694,
      0.19378060836224292,
      0.18740195486798683,
      0.1782335622292886,
      0.1683091837750471,
      0.16061429221483683,
      0.15434774012916205,
      0.1491535981960871,
      0.14505793016851656,
      0.14172664505256485,
      0.13886889917930062,
      0.13621440596776305,
      0.13348490451846154,
      0.13038266831443415,
      0.1266247994465531,
      0.12224657842730091,
      0.11742009222923946,
      0.11229910004973385,
      0.10704317973757474,
      0.10179180533536096,
      0.09667393146511138,
      0.0917647243288137,
      0.08704959359029572,
      0.08248243755397729,
      0.07798810422002972,
      0.07343172326163677,
      0.06855428103694837,
      0.06281034962159016,
      0.054786385641709984,
      0.038616846072458244
    ],
    "Cl": [
      1.114814023086518,
      1.114801000992143,
      1.1148816393148537,
      1.1149618169016124,
      1.1149987173298257,
      1.0985154722860067,
      1.0784786502279409,
      1.0629293840314038,
      1.0518003129922822,
      1.0435276789370482,
      1.036823474415302,
      1.0305514154714273,
      1.023585125809936,
      1.0147458534074376,
      1.0029195764723775,
      0.9883340165456602,
      0.9717823746721458,
      0.9539537571237865,
      0.9355736654103716,
      0.9172703836195587,
      0.8996329190482566,
      0.8830194196691804,
      0.8673973700302862,
      0.8525651517835163,
      0.8381399789786224,
      0.82335500811865,
      0.8066239446092152,
      0.7844339290995878,
      0.7473888436027178,
      0.6559145891833119
    ],
    "Cd": [
      0.17029733412159398,
      0.17027350780616313,
      0.17026297615675562,
      0.17025237992856695,
      0.17023564051256257,
      0.1678908982441047,
      0.16509198206798203,
      0.16295023067624798,
      0.16142996956729963,
      0.16030448244769782,
      0.15939460457265703,
      0.15854714105547696,
      0.15761417867638494,
      0.15644517980053727,
      0.1549041334946942,
      0.15303318582698755,
      0.15031458792130287,
      0.1470017045434207,
      0.1436461457823718,
      0.14047094134224594,
      0.1377044816563986,
      0.13550060073167106,
      0.13385259695697752,
      0.1327302910425272,
      0.13209567069184625,
      0.13188290100021985,
      0.13195729063555808,
      0.12975771233204442,
      0.1261231396482875,
      0.1179399333085974
    ],
    "phi": [
      0.30448361711579425,
      0.2848175627193893,
      0.272476032662322,
      0.263398723060552,
      0.25555188058518047,
      0.2459500325266332,
      0.23539432630440552,
      0.22424069124043333,
      0.21246306358181213,
      0.20039553432242743,
      0.1883289471312104,
      0.1765335885891222,
      0.16528771959565305,
      0.154889066667765,
      0.14562052771458614,
      0.13744682222363364,
      0.1301958632223456,
      0.123713891513357,
      0.11784132924787727,
      0.11243870238330751,
      0.10737705629762884,
      0.10258122478885352,
      0.09806579819315377,
      0.09387687820610986,
      0.09008961682755032,
      0.08683888438429141,
      0.0843836945181833,
      0.08326947515360028,
      0.08490976966439454,
      0.09517012107541564
    ],
    "F": [
      0.999999998687829,
      0.999999998687829,
      0.999999997629479,
      0.9999999450027686,
      0.9999994230035251,
      0.9999968259622849,
      0.9999884024856859,
      0.9999679799017407,
      0.9999284392378313,
      0.9998625832269233,
      0.9997634889806919,
      0.9996232327181538,
      0.9994292004389521,
      0.9991568394399646,
      0.9987580289075757,
      0.9981626801029787,
      0.9972717620751472,
      0.9959387147734258,
      0.9939539372073489,
      0.9910174420143307,
      0.9867056804442564,
      0.9803940495626509,
      0.9710957321790816,
      0.9572499694898162,
      0.9363513043281241,
      0.9042808363175947,
      0.8540877286658256,
      0.773659758816823,
      0.6404687015473454,
      0.40246743643841043
    ],